ShipmentID,SKU,VendorName,Quantity,LineWeightKG,LineCBM,LineValueAED,LinePallets
SHP00001,SKU000174,Vendor_016,225,865.8,16.74,7553.25,17
SHP00001,SKU000086,Vendor_016,96,743.232,7.5264,6672.96,8
SHP00001,SKU000042,Vendor_016,408,1707.072,44.1864,32117.76,45
SHP00002,SKU000044,Vendor_013,84,267.54,7.392,1223.04,8
SHP00002,SKU000207,Vendor_013,167,1214.925,3.3901,13114.51,4
SHP00002,SKU000050,Vendor_013,155,67.58,13.2215,10456.3,14
SHP00002,SKU000011,Vendor_013,460,359.72,24.196,16380.6,25
SHP00002,SKU000083,Vendor_013,112,863.072,4.6704,7203.84,5
SHP00002,SKU000128,Vendor_013,228,1740.096,18.0804,14199.84,19
SHP00003,SKU000063,Vendor_038,48,5.232,3.1968,3585.12,4
SHP00003,SKU000093,Vendor_038,493,2366.4,17.6987,25290.9,18
SHP00003,SKU000086,Vendor_038,435,3367.77,34.104,30236.85,35
SHP00004,SKU000099,Vendor_007,348,429.084,39.2892,23298.6,40
SHP00004,SKU000101,Vendor_007,103,18.54,8.9404,267.8,9
SHP00004,SKU000218,Vendor_007,339,332.22,5.0172,25865.7,6
SHP00005,SKU000133,Vendor_020,280,483.0,14.308,5322.8,15
SHP00005,SKU000121,Vendor_020,442,2005.796,10.5196,24221.6,11
SHP00005,SKU000004,Vendor_020,348,1102.116,14.5464,20486.76,15
SHP00005,SKU000064,Vendor_020,484,2264.152,12.342,28067.16,13
SHP00005,SKU000190,Vendor_020,291,346.872,27.8487,11747.67,28
SHP00006,SKU000077,Vendor_007,161,409.584,1.0626,3356.85,2
SHP00006,SKU000010,Vendor_007,423,788.895,15.228,21666.06,16
SHP00006,SKU000038,Vendor_007,395,1132.07,8.453,26334.65,9
SHP00007,SKU000194,Vendor_004,346,2647.938,29.0986,22427.72,30
SHP00008,SKU000222,Vendor_021,256,1212.416,18.1504,19827.2,19
SHP00008,SKU000051,Vendor_021,100,136.9,9.39,2435.0,10
SHP00008,SKU000242,Vendor_021,130,113.49,10.387,7460.7,11
SHP00008,SKU000139,Vendor_021,62,184.946,4.5756,1120.96,5
SHP00008,SKU000133,Vendor_021,383,660.675,19.5713,7280.83,20
SHP00008,SKU000110,Vendor_021,374,2567.136,1.5708,27589.98,2
SHP00009,SKU000239,Vendor_036,250,1798.75,18.725,1350.0,19
SHP00010,SKU000009,Vendor_004,67,388.131,2.6398,2024.74,3
SHP00011,SKU000115,Vendor_015,229,646.467,17.5185,5349.44,18
SHP00011,SKU000020,Vendor_015,337,1842.042,35.4524,14089.97,36
SHP00011,SKU000166,Vendor_015,439,3444.394,46.534,32363.08,47
SHP00011,SKU000142,Vendor_015,17,111.129,0.6698,1322.94,1
SHP00012,SKU000189,Vendor_036,370,2594.44,23.31,1750.1,24
SHP00012,SKU000075,Vendor_036,265,511.715,29.1765,19514.6,30
SHP00012,SKU000220,Vendor_036,42,221.004,3.864,2738.4,4
SHP00012,SKU000140,Vendor_036,418,569.316,18.4338,28984.12,19
SHP00013,SKU000088,Vendor_013,226,132.436,26.9392,4619.44,27
SHP00014,SKU000064,Vendor_022,210,982.38,5.355,12177.9,6
SHP00014,SKU000227,Vendor_022,266,1642.018,14.2044,18045.44,15
SHP00014,SKU000168,Vendor_022,174,551.406,17.8002,2079.3,18
SHP00014,SKU000127,Vendor_022,26,162.474,0.7618,726.44,1
SHP00015,SKU000098,Vendor_031,476,3326.764,20.6584,35471.52,21
SHP00015,SKU000068,Vendor_031,407,236.467,32.0716,32433.83,33
SHP00015,SKU000085,Vendor_031,93,533.727,4.6407,1571.7,5
SHP00016,SKU000134,Vendor_030,323,2188.002,17.8619,7693.86,18
SHP00016,SKU000050,Vendor_030,281,122.516,23.9693,18956.26,24
SHP00016,SKU000055,Vendor_030,76,345.572,0.8436,3606.2,1
SHP00016,SKU000137,Vendor_030,129,462.078,0.6837,666.93,1
SHP00016,SKU000083,Vendor_030,406,3128.636,16.9302,26113.92,17
SHP00017,SKU000243,Vendor_016,198,473.418,23.0868,4700.52,24
SHP00018,SKU000212,Vendor_011,314,2397.39,17.5526,17401.88,18
SHP00018,SKU000087,Vendor_011,35,8.785,1.148,1440.6,2
SHP00018,SKU000182,Vendor_011,394,2265.106,17.2572,25302.68,18
SHP00018,SKU000209,Vendor_011,454,3201.154,21.6104,24148.26,22
SHP00018,SKU000132,Vendor_011,168,664.44,5.5776,5058.48,6
SHP00019,SKU000101,Vendor_003,294,52.92,25.5192,764.4,26
SHP00020,SKU000129,Vendor_024,317,1750.791,8.0201,12271.07,9
SHP00020,SKU000087,Vendor_024,91,22.841,2.9848,3745.56,3
SHP00020,SKU000208,Vendor_024,478,2876.604,31.2134,35692.26,32
SHP00020,SKU000226,Vendor_024,301,895.776,29.1067,9577.82,30
SHP00020,SKU000129,Vendor_024,83,458.409,2.0999,3212.93,3
SHP00020,SKU000193,Vendor_024,108,561.924,11.1456,7396.92,12
SHP00021,SKU000216,Vendor_032,402,740.886,38.7528,28256.58,39
SHP00021,SKU000227,Vendor_032,331,2043.263,17.6754,22455.04,18
SHP00021,SKU000026,Vendor_032,484,2311.584,32.5732,6969.6,33
SHP00021,SKU000089,Vendor_032,352,1065.152,9.328,3597.44,10
SHP00021,SKU000053,Vendor_032,217,1157.912,23.1539,12219.27,24
SHP00021,SKU000179,Vendor_032,128,679.168,5.888,1610.24,6
SHP00022,SKU000101,Vendor_040,164,29.52,14.2352,426.4,15
SHP00022,SKU000191,Vendor_040,259,922.817,10.0751,6265.21,11
SHP00022,SKU000002,Vendor_040,46,203.918,3.9836,1610.0,4
SHP00022,SKU000249,Vendor_040,104,630.344,6.7496,7490.08,7
SHP00022,SKU000241,Vendor_040,248,1098.64,24.2544,17131.84,25
SHP00023,SKU000239,Vendor_030,193,1388.635,14.4557,1042.2,15
SHP00023,SKU000129,Vendor_030,483,2667.609,12.2199,18696.93,13
SHP00024,SKU000053,Vendor_016,290,1547.44,30.943,16329.9,31
SHP00024,SKU000208,Vendor_016,134,806.412,8.7502,10005.78,9
SHP00024,SKU000190,Vendor_016,387,461.304,37.0359,15623.19,38
SHP00024,SKU000182,Vendor_016,422,2426.078,18.4836,27100.84,19
SHP00024,SKU000080,Vendor_016,229,1796.734,14.9308,11644.65,15
SHP00024,SKU000086,Vendor_016,200,1548.4,15.68,13902.0,16
SHP00025,SKU000100,Vendor_031,323,2188.648,5.0711,15675.19,6
SHP00025,SKU000008,Vendor_031,174,1183.722,15.1728,8640.84,16
SHP00025,SKU000059,Vendor_031,374,2723.842,6.0962,3134.12,7
SHP00025,SKU000244,Vendor_031,11,6.666,0.6908,617.76,1
SHP00025,SKU000094,Vendor_031,344,88.752,36.6704,1121.44,37
SHP00025,SKU000091,Vendor_031,248,566.928,10.9368,610.08,11
SHP00026,SKU000162,Vendor_016,205,1115.405,1.476,5116.8,2
SHP00027,SKU000167,Vendor_011,30,100.59,2.688,558.0,3
SHP00027,SKU000047,Vendor_011,38,138.054,2.5156,352.64,3
SHP00027,SKU000083,Vendor_011,132,1017.192,5.5044,8490.24,6
SHP00027,SKU000166,Vendor_011,85,666.91,9.01,6266.2,10
SHP00027,SKU000236,Vendor_011,247,137.826,21.8101,19656.26,22
SHP00028,SKU000120,Vendor_002,159,124.497,11.5593,4835.19,12
SHP00028,SKU000064,Vendor_002,336,1571.808,8.568,19484.64,9
SHP00028,SKU000164,Vendor_002,487,531.804,35.9406,38511.96,36
SHP00028,SKU000200,Vendor_002,108,477.144,0.4644,484.92,1
SHP00029,SKU000169,Vendor_018,88,629.728,5.2888,3101.12,6
SHP00029,SKU000172,Vendor_018,49,120.638,2.0286,2372.58,3
SHP00030,SKU000240,Vendor_040,335,1838.48,8.1405,1383.55,9
SHP00030,SKU000140,Vendor_040,110,149.82,4.851,7627.4,5
SHP00031,SKU000010,Vendor_022,198,369.27,7.128,10141.56,8
SHP00031,SKU000207,Vendor_022,270,1964.25,5.481,21203.1,6
SHP00031,SKU000120,Vendor_022,309,241.947,22.4643,9396.69,23
SHP00031,SKU000048,Vendor_022,197,474.77,21.9458,9136.86,22
SHP00032,SKU000118,Vendor_014,144,1105.488,7.3872,3039.84,8
SHP00032,SKU000184,Vendor_014,136,938.672,9.316,2136.56,10
SHP00033,SKU000027,Vendor_016,297,376.299,24.8886,7977.42,25
SHP00033,SKU000084,Vendor_016,475,3040.475,12.255,17375.5,13
SHP00033,SKU000207,Vendor_016,43,312.825,0.8729,3376.79,1
SHP00033,SKU000018,Vendor_016,285,1886.415,20.748,12688.2,21
SHP00034,SKU000052,Vendor_038,66,164.076,5.2932,705.54,6
SHP00034,SKU000157,Vendor_038,19,25.954,1.4041,391.97,2
SHP00034,SKU000121,Vendor_038,264,1198.032,6.2832,14467.2,7
SHP00034,SKU000173,Vendor_038,19,67.621,2.128,627.19,3
SHP00034,SKU000109,Vendor_038,329,152.656,16.2526,10215.45,17
SHP00034,SKU000125,Vendor_038,488,927.2,43.8712,30582.96,44
SHP00035,SKU000243,Vendor_029,364,870.324,42.4424,8641.36,43
SHP00035,SKU000185,Vendor_029,94,386.058,8.5634,995.46,9
SHP00036,SKU000203,Vendor_005,124,456.94,3.41,3891.12,4
SHP00036,SKU000036,Vendor_005,135,716.715,13.7295,6095.25,14
SHP00037,SKU000140,Vendor_008,405,551.61,17.8605,28082.7,18
SHP00038,SKU000156,Vendor_003,110,209.22,10.252,1375.0,11
SHP00038,SKU000003,Vendor_003,277,2173.619,22.8525,10944.27,23
SHP00038,SKU000040,Vendor_003,439,1842.044,0.5707,34720.51,1
SHP00038,SKU000105,Vendor_003,368,890.928,18.6944,13741.12,19
SHP00039,SKU000208,Vendor_038,445,2678.01,29.0585,33228.15,30
SHP00039,SKU000188,Vendor_038,266,92.302,24.3124,11464.6,25
SHP00039,SKU000148,Vendor_038,49,147.343,5.1107,1170.12,6
SHP00040,SKU000126,Vendor_039,339,556.977,33.4254,12970.14,34
SHP00040,SKU000106,Vendor_039,455,3395.21,32.2595,34561.8,33
SHP00040,SKU000240,Vendor_039,489,2683.632,11.8827,2019.57,12
SHP00040,SKU000165,Vendor_039,304,2196.4,8.3296,611.04,9
SHP00040,SKU000188,Vendor_039,491,170.377,44.8774,21162.1,45
SHP00040,SKU000105,Vendor_039,157,380.097,7.9756,5862.38,8
SHP00041,SKU000190,Vendor_016,459,547.128,43.9263,18529.83,44
SHP00041,SKU000121,Vendor_016,291,1320.558,6.9258,15946.8,7
SHP00041,SKU000194,Vendor_016,312,2387.736,26.2392,20223.84,27
SHP00041,SKU000210,Vendor_016,291,1512.327,11.6109,4653.09,12
SHP00041,SKU000059,Vendor_016,385,2803.955,6.2755,3226.3,7
SHP00041,SKU000167,Vendor_016,19,63.707,1.7024,353.4,2
SHP00042,SKU000237,Vendor_016,80,322.72,2.072,3870.4,3
SHP00042,SKU000162,Vendor_016,171,930.411,1.2312,4268.16,2
SHP00042,SKU000072,Vendor_016,484,3056.944,24.2,19127.68,25
SHP00043,SKU000210,Vendor_017,121,628.837,4.8279,1934.79,5
SHP00043,SKU000245,Vendor_017,456,909.72,18.8328,20957.76,19
SHP00044,SKU000180,Vendor_011,97,439.507,8.4875,5271.95,9
SHP00044,SKU000148,Vendor_011,426,1280.982,44.4318,10172.88,45
SHP00044,SKU000076,Vendor_011,161,124.936,9.0482,6628.37,10
SHP00044,SKU000056,Vendor_011,169,1103.232,6.9459,12565.15,7
SHP00045,SKU000019,Vendor_010,434,1204.35,16.1448,14986.02,17
SHP00045,SKU000053,Vendor_010,96,512.256,10.2432,5405.76,11
SHP00045,SKU000159,Vendor_010,21,167.811,0.1218,1099.77,1
SHP00045,SKU000246,Vendor_010,426,3024.174,38.2974,7817.1,39
SHP00046,SKU000032,Vendor_030,365,2230.88,26.134,20421.75,27
SHP00046,SKU000198,Vendor_030,225,789.3,11.0025,2587.5,12
SHP00047,SKU000223,Vendor_037,19,100.282,1.3414,806.74,2
SHP00047,SKU000113,Vendor_037,216,680.4,19.6128,6652.8,20
SHP00047,SKU000247,Vendor_037,444,911.088,28.1052,27519.12,29
SHP00047,SKU000076,Vendor_037,81,62.856,4.5522,3334.77,5
SHP00048,SKU000203,Vendor_031,162,596.97,4.455,5083.56,5
SHP00048,SKU000011,Vendor_031,265,207.23,13.939,9436.65,14
SHP00049,SKU000169,Vendor_036,408,2919.648,24.5208,14377.92,25
SHP00049,SKU000189,Vendor_036,434,3043.208,27.342,2052.82,28
SHP00049,SKU000083,Vendor_036,338,2604.628,14.0946,21740.16,15
SHP00049,SKU000003,Vendor_036,447,3507.609,36.8775,17660.97,37
SHP00049,SKU000171,Vendor_036,424,2731.408,43.7144,31354.8,44
SHP00050,SKU000051,Vendor_036,429,587.301,40.2831,10446.15,41
SHP00050,SKU000189,Vendor_036,464,3253.568,29.232,2194.72,30
SHP00050,SKU000068,Vendor_036,342,198.702,26.9496,27253.98,27
SHP00050,SKU000137,Vendor_036,304,1088.928,1.6112,1571.68,2
SHP00051,SKU000192,Vendor_024,343,2651.047,18.0075,24335.85,19
SHP00051,SKU000094,Vendor_024,484,124.872,51.5944,1577.84,52
SHP00051,SKU000081,Vendor_024,487,45.778,28.5869,38516.83,29
SHP00051,SKU000067,Vendor_024,61,232.41,0.9455,2704.13,1
SHP00051,SKU000056,Vendor_024,123,802.944,5.0553,9145.05,6
SHP00052,SKU000163,Vendor_020,383,1392.588,13.4816,24979.26,14
SHP00052,SKU000089,Vendor_020,53,160.378,1.4045,541.66,2
SHP00052,SKU000012,Vendor_020,492,1955.7,25.4364,12969.12,26
SHP00053,SKU000242,Vendor_017,488,426.024,38.9912,28006.32,39
SHP00053,SKU000122,Vendor_017,305,537.715,10.4005,18257.3,11
SHP00054,SKU000058,Vendor_003,175,118.825,18.0775,11564.0,19
SHP00054,SKU000160,Vendor_003,452,161.816,41.358,9017.4,42
SHP00054,SKU000001,Vendor_003,291,1625.817,10.2141,5729.79,11
SHP00055,SKU000134,Vendor_016,456,3088.944,25.2168,10861.92,26
SHP00055,SKU000035,Vendor_016,478,426.376,7.9348,12958.58,8
SHP00056,SKU000197,Vendor_007,150,952.8,4.485,5742.0,5
SHP00057,SKU000146,Vendor_023,371,563.92,42.4795,3717.42,43
SHP00058,SKU000032,Vendor_036,424,2591.488,30.3584,23722.8,31
SHP00058,SKU000177,Vendor_036,205,1280.225,12.956,953.25,13
SHP00058,SKU000232,Vendor_036,186,1153.944,10.7136,12999.54,11
SHP00058,SKU000098,Vendor_036,104,726.856,4.5136,7750.08,5
SHP00059,SKU000179,Vendor_005,234,1241.604,10.764,2943.72,11
SHP00059,SKU000053,Vendor_005,429,2289.144,45.7743,24156.99,46
SHP00059,SKU000122,Vendor_005,278,490.114,9.4798,16641.08,10
SHP00059,SKU000229,Vendor_005,219,471.069,24.8127,15897.21,25
SHP00059,SKU000065,Vendor_005,242,741.246,19.481,1038.18,20
SHP00059,SKU000218,Vendor_005,37,36.26,0.5476,2823.1,1
SHP00060,SKU000045,Vendor_004,77,371.602,8.008,6060.67,9
SHP00061,SKU000069,Vendor_023,275,1695.925,19.0575,2752.75,20
SHP00061,SKU000134,Vendor_023,149,1009.326,8.2397,3549.18,9
SHP00061,SKU000122,Vendor_023,285,502.455,9.7185,17060.1,10
SHP00061,SKU000159,Vendor_023,200,1598.2,1.16,10474.0,2
SHP00062,SKU000124,Vendor_029,250,1391.75,27.375,11825.0,28
SHP00062,SKU000069,Vendor_029,182,1122.394,12.6126,1821.82,13
SHP00062,SKU000108,Vendor_029,347,1343.931,38.6558,6062.09,39
SHP00062,SKU000129,Vendor_029,203,1121.169,5.1359,7858.13,6
SHP00062,SKU000002,Vendor_029,51,226.083,4.4166,1785.0,5
SHP00063,SKU000039,Vendor_031,57,156.294,3.8019,2686.41,4
SHP00063,SKU000015,Vendor_031,213,547.836,10.7352,14818.41,11
SHP00063,SKU000129,Vendor_031,274,1513.302,6.9322,10606.54,7
SHP00064,SKU000242,Vendor_024,475,414.675,37.9525,27260.25,38
SHP00064,SKU000047,Vendor_024,118,428.694,7.8116,1095.04,8
SHP00064,SKU000230,Vendor_024,284,1015.868,3.5784,5148.92,4
SHP00065,SKU000138,Vendor_030,43,115.885,4.8891,2157.74,5
SHP00065,SKU000036,Vendor_030,474,2516.466,48.2058,21401.1,49
SHP00065,SKU000132,Vendor_030,424,1676.92,14.0768,12766.64,15
SHP00065,SKU000001,Vendor_030,173,966.551,6.0723,3406.37,7
SHP00065,SKU000050,Vendor_030,229,99.844,19.5337,15448.34,20
SHP00066,SKU000171,Vendor_022,35,225.47,3.6085,2588.25,4
SHP00066,SKU000094,Vendor_022,112,28.896,11.9392,365.12,12
SHP00066,SKU000120,Vendor_022,352,275.616,25.5904,10704.32,26
SHP00067,SKU000115,Vendor_029,452,1275.996,34.578,10558.72,35
SHP00067,SKU000232,Vendor_029,197,1222.188,11.3472,13768.33,12
SHP00067,SKU000003,Vendor_029,394,3091.718,32.505,15566.94,33
SHP00068,SKU000225,Vendor_005,464,3536.608,27.9792,12811.04,28
SHP00068,SKU000120,Vendor_005,268,209.844,19.4836,8149.88,20
SHP00068,SKU000045,Vendor_005,30,144.78,3.12,2361.3,4
SHP00068,SKU000068,Vendor_005,17,9.877,1.3396,1354.73,2
SHP00068,SKU000167,Vendor_005,318,1066.254,28.4928,5914.8,29
SHP00069,SKU000150,Vendor_031,298,670.798,18.8634,3131.98,19
SHP00069,SKU000235,Vendor_031,396,2308.68,1.1088,27945.72,2
SHP00069,SKU000202,Vendor_031,205,1439.1,11.6235,10418.1,12
SHP00069,SKU000200,Vendor_031,434,1917.412,1.8662,1948.66,2
SHP00069,SKU000243,Vendor_031,223,533.193,26.0018,5294.02,27
SHP00069,SKU000111,Vendor_031,197,1076.211,21.3942,9729.83,22
SHP00070,SKU000217,Vendor_031,143,523.237,6.3635,3344.77,7
SHP00070,SKU000164,Vendor_031,292,318.864,21.5496,23091.36,22
SHP00070,SKU000180,Vendor_031,198,897.138,17.325,10761.3,18
SHP00070,SKU000029,Vendor_031,442,3273.01,44.7304,13206.96,45
SHP00071,SKU000241,Vendor_026,200,886.0,19.56,13816.0,20
SHP00071,SKU000005,Vendor_026,376,1329.912,3.0456,12426.8,4
SHP00071,SKU000159,Vendor_026,323,2581.093,1.8734,16915.51,2
SHP00072,SKU000021,Vendor_039,408,2191.368,28.8456,20701.92,29
SHP00073,SKU000058,Vendor_035,84,57.036,8.6772,5550.72,9
SHP00073,SKU000042,Vendor_035,454,1899.536,49.1682,35738.88,50
SHP00073,SKU000007,Vendor_035,219,936.444,14.0817,11274.12,15
SHP00074,SKU000050,Vendor_037,252,109.872,21.4956,16999.92,22
SHP00075,SKU000131,Vendor_039,200,149.0,8.46,15132.0,9
SHP00076,SKU000198,Vendor_020,378,1326.024,18.4842,4347.0,19
SHP00076,SKU000168,Vendor_020,392,1242.248,40.1016,4684.4,41
SHP00076,SKU000220,Vendor_020,494,2599.428,45.448,32208.8,46
SHP00076,SKU000236,Vendor_020,136,75.888,12.0088,10822.88,13
SHP00076,SKU000217,Vendor_020,251,918.409,11.1695,5870.89,12
SHP00076,SKU000009,Vendor_020,202,1170.186,7.9588,6104.44,8
SHP00077,SKU000187,Vendor_032,48,149.616,1.4688,2520.0,2
SHP00077,SKU000076,Vendor_032,387,300.312,21.7494,15932.79,22
SHP00077,SKU000125,Vendor_032,211,400.9,18.9689,13223.37,19
SHP00077,SKU000225,Vendor_032,256,1951.232,15.4368,7068.16,16
SHP00078,SKU000037,Vendor_033,313,2141.859,14.6484,8360.23,15
SHP00079,SKU000220,Vendor_033,54,284.148,4.968,3520.8,5
SHP00079,SKU000144,Vendor_033,245,802.375,7.742,2070.25,8
SHP00079,SKU000088,Vendor_033,174,101.964,20.7408,3556.56,21
SHP00079,SKU000068,Vendor_033,455,264.355,35.854,36258.95,36
SHP00079,SKU000093,Vendor_033,66,316.8,2.3694,3385.8,3
SHP00079,SKU000154,Vendor_033,428,3167.2,24.2248,13379.28,25
SHP00080,SKU000121,Vendor_001,437,1983.106,10.4006,23947.6,11
SHP00080,SKU000097,Vendor_001,57,324.672,6.5607,2025.21,7
SHP00080,SKU000128,Vendor_001,65,496.08,5.1545,4048.2,6
SHP00080,SKU000061,Vendor_001,120,542.4,1.86,2125.2,2
SHP00081,SKU000112,Vendor_015,408,2654.04,16.6872,11942.16,17
SHP00081,SKU000126,Vendor_015,227,372.961,22.3822,8685.02,23
SHP00081,SKU000195,Vendor_015,433,2545.174,31.609,25092.35,32
SHP00081,SKU000150,Vendor_015,484,1089.484,30.6372,5086.84,31
SHP00081,SKU000017,Vendor_015,460,1922.8,33.994,5248.6,34
SHP00081,SKU000134,Vendor_015,86,582.564,4.7558,2048.52,5
SHP00082,SKU000121,Vendor_022,413,1874.194,9.8294,22632.4,10
SHP00082,SKU000024,Vendor_022,497,2286.697,6.1628,35316.82,7
SHP00082,SKU000128,Vendor_022,270,2060.64,21.411,16815.6,22
SHP00082,SKU000235,Vendor_022,478,2786.74,1.3384,33732.46,2
SHP00083,SKU000125,Vendor_031,422,801.8,37.9378,26446.74,38
SHP00083,SKU000215,Vendor_031,309,2336.349,23.1441,1028.97,24
SHP00083,SKU000210,Vendor_031,394,2047.618,15.7206,6300.06,16
SHP00083,SKU000116,Vendor_031,338,570.882,13.858,9298.38,14
SHP00084,SKU000188,Vendor_015,422,146.434,38.5708,18188.2,39
SHP00084,SKU000026,Vendor_015,286,1365.936,19.2478,4118.4,20
SHP00084,SKU000207,Vendor_015,285,2073.375,5.7855,22381.05,6
SHP00084,SKU000127,Vendor_015,240,1499.76,7.032,6705.6,8
SHP00084,SKU000150,Vendor_015,378,850.878,23.9274,3972.78,24
SHP00085,SKU000105,Vendor_027,444,1074.924,22.5552,16578.96,23
SHP00085,SKU000128,Vendor_027,324,2472.768,25.6932,20178.72,26
SHP00085,SKU000117,Vendor_027,365,2578.36,36.0985,20932.75,37
SHP00086,SKU000217,Vendor_031,228,834.252,10.146,5332.92,11
SHP00086,SKU000100,Vendor_031,242,1639.792,3.7994,11744.26,4
SHP00086,SKU000136,Vendor_031,187,73.865,15.9137,7431.38,16
SHP00086,SKU000120,Vendor_031,24,18.792,1.7448,729.84,2
SHP00086,SKU000166,Vendor_031,88,690.448,9.328,6487.36,10
SHP00087,SKU000062,Vendor_007,320,2080.96,18.144,20806.4,19
SHP00087,SKU000036,Vendor_007,17,90.253,1.7289,767.55,2
SHP00087,SKU000226,Vendor_007,385,1145.76,37.2295,12250.7,38
SHP00088,SKU000041,Vendor_024,200,1449.4,5.14,4962.0,6
SHP00088,SKU000209,Vendor_024,434,3060.134,20.6584,23084.46,21
SHP00089,SKU000112,Vendor_014,492,3200.46,20.1228,14400.84,21
SHP00089,SKU000196,Vendor_014,377,2163.98,2.2243,15932.02,3
SHP00089,SKU000028,Vendor_014,415,2303.665,27.805,13421.1,28
SHP00090,SKU000110,Vendor_018,150,1029.6,0.63,11065.5,1
SHP00090,SKU000243,Vendor_018,348,832.068,40.5768,8261.52,41
SHP00090,SKU000119,Vendor_018,92,90.436,3.3856,1226.36,4
SHP00090,SKU000243,Vendor_018,414,989.874,48.2724,9828.36,49
SHP00090,SKU000106,Vendor_018,320,2387.84,22.688,24307.2,23
SHP00090,SKU000018,Vendor_018,142,939.898,10.3376,6321.84,11
SHP00091,SKU000040,Vendor_034,261,1095.156,0.3393,20642.49,1
SHP00091,SKU000174,Vendor_034,379,1458.392,28.1976,12723.03,29
SHP00092,SKU000243,Vendor_005,159,380.169,18.5394,3774.66,19
SHP00092,SKU000070,Vendor_005,24,134.736,1.9128,139.92,2
SHP00092,SKU000088,Vendor_005,397,232.642,47.3224,8114.68,48
SHP00092,SKU000186,Vendor_005,86,562.956,1.7974,3754.76,2
SHP00092,SKU000080,Vendor_005,145,1137.67,9.454,7373.25,10
SHP00093,SKU000228,Vendor_038,375,246.0,21.8625,14403.75,22
SHP00093,SKU000024,Vendor_038,450,2070.45,5.58,31977.0,6
SHP00093,SKU000015,Vendor_038,13,33.436,0.6552,904.41,1
SHP00093,SKU000101,Vendor_038,471,84.78,40.8828,1224.6,41
SHP00093,SKU000201,Vendor_038,219,1232.094,18.6588,16836.72,19
SHP00094,SKU000072,Vendor_008,312,1970.592,15.6,12330.24,16
SHP00094,SKU000162,Vendor_008,493,2682.413,3.5496,12305.28,4
SHP00095,SKU000249,Vendor_009,240,1454.64,15.576,17284.8,16
SHP00096,SKU000099,Vendor_038,78,96.174,8.8062,5222.1,9
SHP00096,SKU000235,Vendor_038,124,722.92,0.3472,8750.68,1
SHP00097,SKU000200,Vendor_014,58,256.244,0.2494,260.42,1
SHP00097,SKU000097,Vendor_014,219,1247.424,25.2069,7781.07,26
SHP00097,SKU000132,Vendor_014,121,478.555,4.0172,3643.31,5
SHP00097,SKU000050,Vendor_014,325,141.7,27.7225,21924.5,28
SHP00097,SKU000171,Vendor_014,262,1687.804,27.0122,19374.9,28
SHP00098,SKU000188,Vendor_009,171,59.337,15.6294,7370.1,16
SHP00098,SKU000250,Vendor_009,107,810.953,11.7593,6510.95,12
SHP00098,SKU000196,Vendor_009,491,2818.34,2.8969,20749.66,3
SHP00098,SKU000108,Vendor_009,294,1138.662,32.7516,5136.18,33
SHP00098,SKU000018,Vendor_009,88,582.472,6.4064,3917.76,7
SHP00099,SKU000139,Vendor_036,500,1491.5,36.9,9040.0,37
SHP00100,SKU000120,Vendor_004,275,215.325,19.9925,8362.75,20
SHP00100,SKU000015,Vendor_004,48,123.456,2.4192,3339.36,3
SHP00101,SKU000233,Vendor_030,301,2397.766,8.1872,14962.71,9
SHP00101,SKU000112,Vendor_030,425,2764.625,17.3825,12439.75,18
SHP00101,SKU000023,Vendor_030,89,544.769,2.67,1526.35,3
SHP00101,SKU000179,Vendor_030,397,2106.482,18.262,4994.26,19
SHP00101,SKU000067,Vendor_030,355,1352.55,5.5025,15737.15,6
SHP00102,SKU000008,Vendor_012,500,3401.5,43.6,24830.0,44
SHP00102,SKU000187,Vendor_012,224,698.208,6.8544,11760.0,7
SHP00102,SKU000153,Vendor_012,454,70.37,1.7706,26027.82,2
SHP00103,SKU000052,Vendor_002,193,479.798,15.4786,2063.17,16
SHP00103,SKU000026,Vendor_002,220,1050.72,14.806,3168.0,15
SHP00103,SKU000018,Vendor_002,451,2985.169,32.8328,20078.52,33
SHP00103,SKU000216,Vendor_002,196,361.228,18.8944,13776.84,19
SHP00104,SKU000015,Vendor_036,169,434.668,8.5176,11757.33,9
SHP00104,SKU000185,Vendor_036,55,225.885,5.0105,582.45,6
SHP00104,SKU000127,Vendor_036,17,106.233,0.4981,474.98,1
SHP00104,SKU000019,Vendor_036,374,1037.85,13.9128,12914.22,14
SHP00104,SKU000092,Vendor_036,131,387.367,8.4495,1917.84,9
SHP00104,SKU000205,Vendor_036,492,1884.36,57.1212,2199.24,58
SHP00105,SKU000178,Vendor_006,361,2838.182,26.8223,2382.6,27
SHP00105,SKU000227,Vendor_006,200,1234.6,10.68,13568.0,11
SHP00105,SKU000153,Vendor_006,25,3.875,0.0975,1433.25,1
SHP00105,SKU000048,Vendor_006,152,366.32,16.9328,7049.76,17
SHP00105,SKU000059,Vendor_006,45,327.735,0.7335,377.1,1
SHP00106,SKU000169,Vendor_001,382,2733.592,22.9582,13461.68,23
SHP00106,SKU000119,Vendor_001,377,370.591,13.8736,5025.41,14
SHP00106,SKU000149,Vendor_001,274,58.636,30.2222,19023.82,31
SHP00106,SKU000009,Vendor_001,459,2658.987,18.0846,13870.98,19
SHP00106,SKU000066,Vendor_001,361,1842.905,1.7328,21692.49,2
SHP00106,SKU000154,Vendor_001,96,710.4,5.4336,3000.96,6
SHP00107,SKU000128,Vendor_021,456,3480.192,36.1608,28399.68,37
SHP00107,SKU000051,Vendor_021,269,368.261,25.2591,6550.15,26
SHP00108,SKU000237,Vendor_003,474,1912.116,12.2766,22932.12,13
SHP00108,SKU000213,Vendor_003,166,452.018,19.837,8861.08,20
SHP00109,SKU000149,Vendor_014,358,76.612,39.4874,24855.94,40
SHP00110,SKU000213,Vendor_028,36,98.028,4.302,1921.68,5
SHP00111,SKU000225,Vendor_013,379,2888.738,22.8537,10464.19,23
SHP00111,SKU000220,Vendor_013,131,689.322,12.052,8541.2,13
SHP00111,SKU000209,Vendor_013,176,1240.976,8.3776,9361.44,9
SHP00112,SKU000199,Vendor_037,463,1958.027,25.0483,24881.62,26
SHP00112,SKU000175,Vendor_037,208,1651.52,2.6624,3995.68,3
SHP00112,SKU000063,Vendor_037,38,4.142,2.5308,2838.22,3
SHP00112,SKU000078,Vendor_037,250,202.25,7.35,16252.5,8
SHP00112,SKU000197,Vendor_037,68,431.936,2.0332,2603.04,3
SHP00113,SKU000118,Vendor_035,347,2663.919,17.8011,7325.17,18
SHP00113,SKU000203,Vendor_035,317,1168.145,8.7175,9947.46,9
SHP00113,SKU000097,Vendor_035,451,2568.896,51.9101,16024.03,52
SHP00113,SKU000009,Vendor_035,328,1900.104,12.9232,9912.16,13
SHP00114,SKU000220,Vendor_038,62,326.244,5.704,4042.4,6
SHP00114,SKU000226,Vendor_038,457,1360.032,44.1919,14541.74,45
SHP00114,SKU000240,Vendor_038,400,2195.2,9.72,1652.0,10
SHP00114,SKU000028,Vendor_038,175,971.425,11.725,5659.5,12
SHP00114,SKU000092,Vendor_038,188,555.916,12.126,2752.32,13
SHP00114,SKU000051,Vendor_038,107,146.483,10.0473,2605.45,11
SHP00115,SKU000082,Vendor_012,328,994.824,4.1,12473.84,5
SHP00115,SKU000118,Vendor_012,424,3255.048,21.7512,8950.64,22
SHP00115,SKU000121,Vendor_012,220,998.36,5.236,12056.0,6
SHP00115,SKU000089,Vendor_012,314,950.164,8.321,3209.08,9
SHP00116,SKU000248,Vendor_032,17,84.473,1.0319,825.86,2
SHP00116,SKU000137,Vendor_032,256,916.992,1.3568,1323.52,2
SHP00116,SKU000204,Vendor_032,461,403.836,37.0183,7827.78,38
SHP00116,SKU000071,Vendor_032,160,1015.84,10.032,5635.2,11
SHP00116,SKU000228,Vendor_032,249,163.344,14.5167,9564.09,15
SHP00117,SKU000204,Vendor_027,194,169.944,15.5782,3294.12,16
SHP00117,SKU000200,Vendor_027,469,2072.042,2.0167,2105.81,3
SHP00117,SKU000122,Vendor_027,380,669.94,12.958,22746.8,13
SHP00117,SKU000170,Vendor_027,440,1091.2,48.444,18642.8,49
SHP00117,SKU000147,Vendor_027,82,411.64,4.3952,2872.46,5
SHP00118,SKU000057,Vendor_009,219,1317.942,15.1767,13277.97,16
SHP00118,SKU000086,Vendor_009,171,1323.882,13.4064,11886.21,14
SHP00118,SKU000146,Vendor_009,55,83.6,6.2975,551.1,7
SHP00118,SKU000078,Vendor_009,118,95.462,3.4692,7671.18,4
SHP00119,SKU000035,Vendor_032,40,35.68,0.664,1084.4,1
SHP00119,SKU000035,Vendor_032,367,327.364,6.0922,9949.37,7
SHP00119,SKU000192,Vendor_032,315,2434.635,16.5375,22349.25,17
SHP00120,SKU000059,Vendor_020,191,1391.053,3.1133,1600.58,4
SHP00120,SKU000179,Vendor_020,89,472.234,4.094,1119.62,5
SHP00120,SKU000052,Vendor_020,496,1233.056,39.7792,5302.24,40
SHP00120,SKU000198,Vendor_020,487,1708.396,23.8143,5600.5,24
SHP00121,SKU000045,Vendor_022,359,1732.534,37.336,28256.89,38
SHP00121,SKU000177,Vendor_022,306,1910.97,19.3392,1422.9,20
SHP00122,SKU000001,Vendor_040,433,2419.171,15.1983,8525.77,16
SHP00122,SKU000196,Vendor_040,98,562.52,0.5782,4141.48,1
SHP00122,SKU000208,Vendor_040,184,1107.312,12.0152,13739.28,13
SHP00122,SKU000084,Vendor_040,458,2931.658,11.8164,16753.64,12
SHP00122,SKU000075,Vendor_040,463,894.053,50.9763,34095.32,51
SHP00123,SKU000233,Vendor_013,69,549.654,1.8768,3429.99,2
SHP00123,SKU000098,Vendor_013,168,1174.152,7.2912,12519.36,8
SHP00123,SKU000089,Vendor_013,18,54.468,0.477,183.96,1
SHP00123,SKU000162,Vendor_013,18,97.938,0.1296,449.28,1
SHP00123,SKU000199,Vendor_013,423,1788.867,22.8843,22732.02,23
SHP00123,SKU000076,Vendor_013,311,241.336,17.4782,12803.87,18
SHP00124,SKU000097,Vendor_037,239,1361.344,27.5089,8491.67,28
SHP00124,SKU000244,Vendor_037,376,227.856,23.6128,21116.16,24
SHP00124,SKU000002,Vendor_037,450,1994.85,38.97,15750.0,39
SHP00124,SKU000121,Vendor_037,155,703.39,3.689,8494.0,4
SHP00124,SKU000132,Vendor_037,117,462.735,3.8844,3522.87,4
SHP00125,SKU000100,Vendor_013,152,1029.952,2.3864,7376.56,3
SHP00125,SKU000068,Vendor_013,122,70.882,9.6136,9722.18,10
SHP00125,SKU000220,Vendor_013,379,1994.298,34.868,24710.8,35
SHP00125,SKU000048,Vendor_013,323,778.43,35.9822,14980.74,36
SHP00125,SKU000121,Vendor_013,383,1738.054,9.1154,20988.4,10
SHP00125,SKU000216,Vendor_013,139,256.177,13.3996,9770.31,14
SHP00126,SKU000026,Vendor_005,167,797.592,11.2391,2404.8,12
SHP00126,SKU000245,Vendor_005,476,949.62,19.6588,21876.96,20
SHP00126,SKU000175,Vendor_005,202,1603.88,2.5856,3880.42,3
SHP00126,SKU000037,Vendor_005,390,2668.77,18.252,10416.9,19
SHP00126,SKU000007,Vendor_005,278,1188.728,17.8754,14311.44,18
SHP00126,SKU000052,Vendor_005,101,251.086,8.1002,1079.69,9
SHP00127,SKU000201,Vendor_001,116,652.616,9.8832,8918.08,10
SHP00128,SKU000249,Vendor_014,467,2830.487,30.3083,33633.34,31
SHP00128,SKU000169,Vendor_014,198,1416.888,11.8998,6977.52,12
SHP00129,SKU000207,Vendor_023,262,1906.05,5.3186,20574.86,6
SHP00129,SKU000157,Vendor_023,141,192.606,10.4199,2908.83,11
SHP00129,SKU000105,Vendor_023,41,99.261,2.0828,1530.94,3
SHP00129,SKU000018,Vendor_023,117,774.423,8.5176,5208.84,9
SHP00129,SKU000053,Vendor_023,296,1579.456,31.5832,16667.76,32
SHP00129,SKU000209,Vendor_023,18,126.918,0.8568,957.42,1
SHP00130,SKU000070,Vendor_008,340,1908.76,27.098,1982.2,28
SHP00130,SKU000079,Vendor_008,367,2629.555,2.2387,9376.85,3
SHP00131,SKU000199,Vendor_007,472,1996.088,25.5352,25365.28,26
SHP00131,SKU000115,Vendor_007,381,1075.563,29.1465,8900.16,30
SHP00131,SKU000045,Vendor_007,281,1356.106,29.224,22117.51,30
SHP00131,SKU000072,Vendor_007,17,107.372,0.85,671.84,1
SHP00132,SKU000143,Vendor_009,60,473.94,2.976,3189.6,3
SHP00132,SKU000232,Vendor_009,323,2003.892,18.6048,22574.47,19
SHP00132,SKU000073,Vendor_009,396,591.624,15.5232,26908.2,16
SHP00133,SKU000227,Vendor_032,237,1463.001,12.6558,16078.08,13
SHP00133,SKU000106,Vendor_032,61,455.182,4.3249,4633.56,5
SHP00134,SKU000049,Vendor_017,400,1474.4,36.28,23948.0,37
SHP00134,SKU000121,Vendor_017,450,2042.1,10.71,24660.0,11
SHP00134,SKU000153,Vendor_017,269,41.695,1.0491,15421.77,2
SHP00135,SKU000176,Vendor_036,51,133.365,0.9486,1232.67,1
SHP00135,SKU000138,Vendor_036,406,1094.17,46.1622,20373.08,47
SHP00135,SKU000215,Vendor_036,285,2154.885,21.3465,949.05,22
SHP00135,SKU000152,Vendor_036,144,764.784,16.3008,3041.28,17
SHP00135,SKU000076,Vendor_036,28,21.728,1.5736,1152.76,2
SHP00136,SKU000168,Vendor_031,494,1565.486,50.5362,5903.3,51
SHP00136,SKU000165,Vendor_031,245,1770.125,6.713,492.45,7
SHP00136,SKU000232,Vendor_031,281,1743.324,16.1856,19639.09,17
SHP00136,SKU000237,Vendor_031,420,1694.28,10.878,20319.6,11
SHP00136,SKU000175,Vendor_031,316,2509.04,4.0448,6070.36,5
SHP00137,SKU000188,Vendor_007,229,79.463,20.9306,9869.9,21
SHP00138,SKU000146,Vendor_039,148,224.96,16.946,1482.96,17
SHP00138,SKU000050,Vendor_039,191,83.276,16.2923,12884.86,17
SHP00138,SKU000118,Vendor_039,474,3638.898,24.3162,10006.14,25
SHP00139,SKU000184,Vendor_029,32,220.864,2.192,502.72,3
SHP00139,SKU000019,Vendor_029,107,296.925,3.9804,3694.71,4
SHP00139,SKU000152,Vendor_029,403,2140.333,45.6196,8511.36,46
SHP00139,SKU000237,Vendor_029,447,1803.198,11.5773,21625.86,12
SHP00139,SKU000168,Vendor_029,293,928.517,29.9739,3501.35,30
SHP00139,SKU000158,Vendor_029,237,1339.761,10.0962,5602.68,11
SHP00140,SKU000189,Vendor_030,37,259.444,2.331,175.01,3
SHP00141,SKU000131,Vendor_019,29,21.605,1.2267,2194.14,2
SHP00142,SKU000101,Vendor_037,90,16.2,7.812,234.0,8
SHP00142,SKU000026,Vendor_037,93,444.168,6.2589,1339.2,7
SHP00142,SKU000178,Vendor_037,293,2303.566,21.7699,1933.8,22
SHP00143,SKU000116,Vendor_007,276,466.164,11.316,7592.76,12
SHP00143,SKU000169,Vendor_007,298,2132.488,17.9098,10501.52,18
SHP00143,SKU000047,Vendor_007,141,512.253,9.3342,1308.48,10
SHP00144,SKU000214,Vendor_006,480,771.84,6.096,36273.6,7
SHP00144,SKU000074,Vendor_006,378,580.608,19.1646,29914.92,20
SHP00144,SKU000215,Vendor_006,482,3644.402,36.1018,1605.06,37
SHP00144,SKU000067,Vendor_006,156,594.36,2.418,6915.48,3
SHP00145,SKU000153,Vendor_007,193,29.915,0.7527,11064.69,1
SHP00145,SKU000178,Vendor_007,21,165.102,1.5603,138.6,2
SHP00146,SKU000012,Vendor_028,109,433.275,5.6353,2873.24,6
SHP00146,SKU000202,Vendor_028,84,589.68,4.7628,4268.88,5
SHP00147,SKU000079,Vendor_016,43,308.095,0.2623,1098.65,1
SHP00147,SKU000120,Vendor_016,402,314.766,29.2254,12224.82,30
SHP00147,SKU000161,Vendor_016,23,17.572,1.7986,1360.22,2
SHP00148,SKU000002,Vendor_007,411,1821.963,35.5926,14385.0,36
SHP00148,SKU000014,Vendor_007,142,573.68,10.6926,1564.84,11
SHP00148,SKU000046,Vendor_007,305,207.705,15.86,5474.75,16
SHP00148,SKU000233,Vendor_007,432,3441.312,11.7504,21474.72,12
SHP00148,SKU000222,Vendor_007,125,592.0,8.8625,9681.25,9
SHP00148,SKU000236,Vendor_007,85,47.43,7.5055,6764.3,8
SHP00149,SKU000171,Vendor_021,444,2860.248,45.7764,32833.8,46
SHP00149,SKU000074,Vendor_021,183,281.088,9.2781,14482.62,10
SHP00149,SKU000030,Vendor_021,283,112.351,10.5559,9355.98,11
SHP00149,SKU000235,Vendor_021,353,2057.99,0.9884,24911.21,1
SHP00149,SKU000153,Vendor_021,433,67.115,1.6887,24823.89,2
SHP00149,SKU000233,Vendor_021,26,207.116,0.7072,1292.46,1
SHP00150,SKU000187,Vendor_002,211,657.687,6.4566,11077.5,7
SHP00150,SKU000081,Vendor_002,492,46.248,28.8804,38912.28,29
SHP00151,SKU000043,Vendor_028,75,157.275,5.115,4870.5,6
SHP00151,SKU000008,Vendor_028,484,3292.652,42.2048,24035.44,43
SHP00151,SKU000212,Vendor_028,20,152.7,1.118,1108.4,2
SHP00151,SKU000250,Vendor_028,81,613.899,8.9019,4928.85,9
SHP00152,SKU000214,Vendor_029,263,422.904,3.3401,19874.91,4
SHP00152,SKU000196,Vendor_029,116,665.84,0.6844,4902.16,1
SHP00152,SKU000163,Vendor_029,77,279.972,2.7104,5021.94,3
SHP00152,SKU000066,Vendor_029,492,2511.66,2.3616,29564.28,3
SHP00152,SKU000151,Vendor_029,144,114.192,14.5008,4896.0,15
SHP00153,SKU000026,Vendor_003,369,1762.344,24.8337,5313.6,25
SHP00154,SKU000049,Vendor_029,380,1400.68,34.466,22750.6,35
SHP00154,SKU000032,Vendor_029,179,1094.048,12.8164,10015.05,13
SHP00154,SKU000065,Vendor_029,179,548.277,14.4095,767.91,15
SHP00155,SKU000046,Vendor_035,357,243.117,18.564,6408.15,19
SHP00155,SKU000054,Vendor_035,421,1494.971,22.3551,25967.28,23
SHP00155,SKU000074,Vendor_035,12,18.432,0.6084,949.68,1
SHP00155,SKU000025,Vendor_035,138,695.106,12.0198,449.88,13
SHP00155,SKU000118,Vendor_035,60,460.62,3.078,1266.6,4
SHP00155,SKU000147,Vendor_035,293,1470.86,15.7048,10263.79,16
SHP00156,SKU000076,Vendor_030,252,195.552,14.1624,10374.84,15
SHP00156,SKU000143,Vendor_030,448,3538.752,22.2208,23815.68,23
SHP00156,SKU000111,Vendor_030,202,1103.526,21.9372,9976.78,22
SHP00156,SKU000109,Vendor_030,383,177.712,18.9202,11892.15,19
SHP00156,SKU000176,Vendor_030,154,402.71,2.8644,3722.18,3
SHP00157,SKU000178,Vendor_015,133,1045.646,9.8819,877.8,10
SHP00157,SKU000115,Vendor_015,249,702.927,19.0485,5816.64,20
SHP00158,SKU000101,Vendor_038,315,56.7,27.342,819.0,28
SHP00158,SKU000129,Vendor_038,21,115.983,0.5313,812.91,1
SHP00158,SKU000173,Vendor_038,234,832.806,26.208,7724.34,27
SHP00158,SKU000081,Vendor_038,399,37.506,23.4213,31556.91,24
SHP00158,SKU000024,Vendor_038,178,818.978,2.2072,12648.68,3
SHP00159,SKU000072,Vendor_030,175,1105.3,8.75,6916.0,9
SHP00159,SKU000022,Vendor_030,35,189.49,3.542,297.15,4
SHP00159,SKU000202,Vendor_030,467,3278.34,26.4789,23732.94,27
SHP00159,SKU000224,Vendor_030,98,600.642,1.3328,211.68,2
SHP00159,SKU000210,Vendor_030,450,2338.65,17.955,7195.5,18
SHP00159,SKU000169,Vendor_030,61,436.516,3.6661,2149.64,4
SHP00160,SKU000180,Vendor_001,230,1042.13,20.125,12500.5,21
SHP00161,SKU000126,Vendor_015,369,606.267,36.3834,14117.94,37
SHP00161,SKU000058,Vendor_015,456,309.624,47.1048,30132.48,48
SHP00161,SKU000219,Vendor_015,172,1114.388,3.5432,3121.8,4
SHP00161,SKU000085,Vendor_015,195,1119.105,9.7305,3295.5,10
SHP00161,SKU000213,Vendor_015,182,495.586,21.749,9715.16,22
SHP00162,SKU000018,Vendor_013,472,3124.168,34.3616,21013.44,35
SHP00162,SKU000153,Vendor_013,184,28.52,0.7176,10548.72,1
SHP00162,SKU000108,Vendor_013,98,379.554,10.9172,1712.06,11
SHP00163,SKU000213,Vendor_007,416,1132.768,49.712,22206.08,50
SHP00164,SKU000017,Vendor_006,410,1713.8,30.299,4678.1,31
SHP00164,SKU000245,Vendor_006,10,19.95,0.413,459.6,1
SHP00164,SKU000027,Vendor_006,30,38.01,2.514,805.8,3
SHP00164,SKU000062,Vendor_006,223,1450.169,12.6441,14499.46,13
SHP00164,SKU000194,Vendor_006,128,979.584,10.7648,8296.96,11
SHP00165,SKU000082,Vendor_025,265,803.745,3.3125,10077.95,4
SHP00165,SKU000223,Vendor_025,293,1546.454,20.6858,12440.78,21
SHP00165,SKU000035,Vendor_025,65,57.98,1.079,1762.15,2
SHP00166,SKU000243,Vendor_035,149,356.259,17.3734,3537.26,18
SHP00166,SKU000025,Vendor_035,294,1480.878,25.6074,958.44,26
SHP00166,SKU000165,Vendor_035,339,2449.275,9.2886,681.39,10
SHP00166,SKU000042,Vendor_035,260,1087.84,28.158,20467.2,29
SHP00166,SKU000145,Vendor_035,71,152.366,2.3643,2349.39,3
SHP00166,SKU000132,Vendor_035,263,1040.165,8.7316,7918.93,9
SHP00167,SKU000070,Vendor_040,468,2627.352,37.2996,2728.44,38
SHP00167,SKU000141,Vendor_040,211,865.1,7.6593,16061.32,8
SHP00167,SKU000243,Vendor_040,402,961.182,46.8732,9543.48,47
SHP00168,SKU000089,Vendor_031,32,96.832,0.848,327.04,1
SHP00169,SKU000119,Vendor_011,371,364.693,13.6528,4945.43,14
SHP00170,SKU000064,Vendor_032,43,201.154,1.0965,2493.57,2
SHP00170,SKU000202,Vendor_032,441,3095.82,25.0047,22411.62,26
SHP00170,SKU000249,Vendor_032,341,2066.801,22.1309,24558.82,23
SHP00170,SKU000176,Vendor_032,443,1158.445,8.2398,10707.31,9
SHP00170,SKU000118,Vendor_032,212,1627.524,10.8756,4475.32,11
SHP00171,SKU000032,Vendor_033,44,268.928,3.1504,2461.8,4
SHP00171,SKU000215,Vendor_033,180,1360.98,13.482,599.4,14
SHP00171,SKU000188,Vendor_033,20,6.94,1.828,862.0,2
SHP00172,SKU000087,Vendor_009,397,99.647,13.0216,16340.52,14
SHP00172,SKU000186,Vendor_009,295,1931.07,6.1655,12879.7,7
SHP00173,SKU000228,Vendor_022,295,193.52,17.1985,11330.95,18
SHP00173,SKU000200,Vendor_022,429,1895.322,1.8447,1926.21,2
SHP00173,SKU000219,Vendor_022,318,2060.322,6.5508,5771.7,7
SHP00174,SKU000001,Vendor_029,379,2117.473,13.3029,7462.51,14
SHP00174,SKU000010,Vendor_029,106,197.69,3.816,5429.32,4
SHP00174,SKU000219,Vendor_029,222,1438.338,4.5732,4029.3,5
SHP00174,SKU000022,Vendor_029,58,314.012,5.8696,492.42,6
SHP00175,SKU000134,Vendor_022,203,1375.122,11.2259,4835.46,12
SHP00175,SKU000110,Vendor_022,249,1709.136,1.0458,18368.73,2
SHP00176,SKU000050,Vendor_038,438,190.968,37.3614,29547.48,38
SHP00176,SKU000090,Vendor_038,124,235.352,4.5632,6384.76,5
SHP00176,SKU000143,Vendor_038,249,1966.851,12.3504,13236.84,13
SHP00176,SKU000120,Vendor_038,285,223.155,20.7195,8666.85,21
SHP00177,SKU000099,Vendor_017,447,551.151,50.4663,29926.65,51
SHP00177,SKU000098,Vendor_017,85,594.065,3.689,6334.2,4
SHP00177,SKU000099,Vendor_017,408,503.064,46.0632,27315.6,47
SHP00177,SKU000233,Vendor_017,120,955.92,3.264,5965.2,4
SHP00178,SKU000133,Vendor_034,143,246.675,7.3073,2718.43,8
SHP00178,SKU000162,Vendor_034,438,2383.158,3.1536,10932.48,4
SHP00178,SKU000096,Vendor_034,324,1847.448,37.7784,22676.76,38
SHP00178,SKU000089,Vendor_034,277,838.202,7.3405,2830.94,8
SHP00178,SKU000114,Vendor_034,150,296.4,16.89,10923.0,17
SHP00178,SKU000033,Vendor_034,335,419.085,16.2475,6964.65,17
SHP00179,SKU000013,Vendor_019,456,1568.184,48.9288,34491.84,49
SHP00179,SKU000047,Vendor_019,54,196.182,3.5748,501.12,4
SHP00180,SKU000202,Vendor_013,309,2169.18,17.5203,15703.38,18
SHP00180,SKU000077,Vendor_013,275,699.6,1.815,5733.75,2
SHP00180,SKU000249,Vendor_013,199,1206.139,12.9151,14331.98,13
SHP00180,SKU000178,Vendor_013,399,3136.938,29.6457,2633.4,30
SHP00181,SKU000159,Vendor_022,482,3851.662,2.7956,25242.34,3
SHP00182,SKU000159,Vendor_010,243,1941.813,1.4094,12725.91,2
SHP00182,SKU000139,Vendor_010,258,769.614,19.0404,4664.64,20
SHP00182,SKU000246,Vendor_010,400,2839.6,35.96,7340.0,36
SHP00183,SKU000216,Vendor_029,193,355.699,18.6052,13565.97,19
SHP00183,SKU000047,Vendor_029,435,1580.355,28.797,4036.8,29
SHP00183,SKU000196,Vendor_029,383,2198.42,2.2597,16185.58,3
SHP00183,SKU000091,Vendor_029,153,349.758,6.7473,376.38,7
SHP00184,SKU000078,Vendor_038,118,95.462,3.4692,7671.18,4
SHP00184,SKU000088,Vendor_038,414,242.604,49.3488,8462.16,50
SHP00184,SKU000065,Vendor_038,74,226.662,5.957,317.46,6
SHP00184,SKU000146,Vendor_038,132,200.64,15.114,1322.64,16
SHP00184,SKU000148,Vendor_038,490,1473.43,51.107,11701.2,52
SHP00185,SKU000161,Vendor_039,34,25.976,2.6588,2010.76,3
SHP00185,SKU000016,Vendor_039,295,602.095,17.2575,23266.65,18
SHP00185,SKU000090,Vendor_039,65,123.37,2.392,3346.85,3
SHP00185,SKU000232,Vendor_039,474,2940.696,27.3024,33127.86,28
SHP00185,SKU000129,Vendor_039,251,1386.273,6.3503,9716.21,7
SHP00185,SKU000106,Vendor_039,248,1850.576,17.5832,18838.08,18
SHP00186,SKU000178,Vendor_013,148,1163.576,10.9964,976.8,11
SHP00186,SKU000031,Vendor_013,369,2086.326,44.0586,10981.44,45
SHP00186,SKU000246,Vendor_013,385,2733.115,34.6115,7064.75,35
SHP00186,SKU000247,Vendor_013,476,976.752,30.1308,29502.48,31
SHP00186,SKU000139,Vendor_013,465,1387.095,34.317,8407.2,35
SHP00186,SKU000067,Vendor_013,75,285.75,1.1625,3324.75,2
SHP00187,SKU000144,Vendor_026,356,1165.9,11.2496,3008.2,12
SHP00187,SKU000223,Vendor_026,297,1567.566,20.9682,12610.62,21
SHP00187,SKU000066,Vendor_026,70,357.35,0.336,4206.3,1
SHP00188,SKU000087,Vendor_037,324,81.324,10.6272,13335.84,11
SHP00188,SKU000239,Vendor_037,119,856.205,8.9131,642.6,9
SHP00188,SKU000243,Vendor_037,78,186.498,9.0948,1851.72,10
SHP00189,SKU000073,Vendor_022,424,633.456,16.6208,28810.8,17
SHP00189,SKU000056,Vendor_022,214,1396.992,8.7954,15910.9,9
SHP00189,SKU000233,Vendor_022,445,3544.87,12.104,22120.95,13
SHP00189,SKU000116,Vendor_022,202,341.178,8.282,5557.02,9
SHP00190,SKU000149,Vendor_009,412,88.168,45.4436,28605.16,46
SHP00190,SKU000247,Vendor_009,73,149.796,4.6209,4524.54,5
SHP00190,SKU000099,Vendor_009,278,342.774,31.3862,18612.1,32
SHP00190,SKU000015,Vendor_009,488,1255.136,24.5952,33950.16,25
SHP00190,SKU000209,Vendor_009,65,458.315,3.094,3457.35,4
SHP00190,SKU000040,Vendor_009,92,386.032,0.1196,7276.28,1
SHP00191,SKU000117,Vendor_021,500,3532.0,49.45,28675.0,50
SHP00191,SKU000243,Vendor_021,110,263.01,12.826,2611.4,13
SHP00192,SKU000050,Vendor_001,275,119.9,23.4575,18551.5,24
SHP00193,SKU000206,Vendor_001,411,516.216,15.0015,31014.06,16
SHP00194,SKU000181,Vendor_002,468,944.424,29.718,20563.92,30
SHP00194,SKU000135,Vendor_002,161,1202.026,6.1824,11746.56,7
SHP00194,SKU000115,Vendor_002,255,719.865,19.5075,5956.8,20
SHP00194,SKU000249,Vendor_002,184,1115.224,11.9416,13251.68,12
SHP00194,SKU000131,Vendor_002,177,131.865,7.4871,13391.82,8
SHP00195,SKU000237,Vendor_030,468,1887.912,12.1212,22641.84,13
SHP00195,SKU000063,Vendor_030,28,3.052,1.8648,2091.32,2
SHP00195,SKU000111,Vendor_030,45,245.835,4.887,2222.55,5
SHP00195,SKU000249,Vendor_030,326,1975.886,21.1574,23478.52,22
SHP00196,SKU000081,Vendor_013,187,17.578,10.9769,14789.83,11
SHP00197,SKU000232,Vendor_023,167,1036.068,9.6192,11671.63,10
SHP00197,SKU000012,Vendor_023,49,194.775,2.5333,1291.64,3
SHP00197,SKU000050,Vendor_023,347,151.292,29.5991,23408.62,30
SHP00197,SKU000030,Vendor_023,224,88.928,8.3552,7405.44,9
SHP00197,SKU000120,Vendor_023,428,335.124,31.1156,13015.48,32
SHP00197,SKU000127,Vendor_023,253,1580.997,7.4129,7068.82,8
SHP00198,SKU000159,Vendor_012,246,1965.786,1.4268,12883.02,2
SHP00199,SKU000033,Vendor_021,71,88.821,3.4435,1476.09,4
SHP00199,SKU000187,Vendor_021,149,464.433,4.5594,7822.5,5
SHP00199,SKU000046,Vendor_021,273,185.913,14.196,4900.35,15
SHP00199,SKU000019,Vendor_021,363,1007.325,13.5036,12534.39,14
SHP00200,SKU000109,Vendor_012,230,106.72,11.362,7141.5,12
SHP00200,SKU000202,Vendor_012,71,498.42,4.0257,3608.22,5
SHP00200,SKU000248,Vendor_012,210,1043.49,12.747,10201.8,13
SHP00200,SKU000028,Vendor_012,395,2192.645,26.465,12774.3,27
SHP00201,SKU000161,Vendor_002,319,243.716,24.9458,18865.66,25
SHP00201,SKU000198,Vendor_002,359,1259.372,17.5551,4128.5,18
SHP00201,SKU000078,Vendor_002,392,317.128,11.5248,25483.92,12
SHP00201,SKU000022,Vendor_002,111,600.954,11.2332,942.39,12
SHP00201,SKU000079,Vendor_002,351,2514.915,2.1411,8968.05,3
SHP00202,SKU000225,Vendor_023,202,1539.644,12.1806,5577.22,13
SHP00202,SKU000117,Vendor_023,41,289.624,4.0549,2351.35,5
SHP00202,SKU000123,Vendor_023,446,2007.0,18.1968,19780.1,19
SHP00202,SKU000232,Vendor_023,360,2233.44,20.736,25160.4,21
SHP00202,SKU000104,Vendor_023,205,377.61,14.1655,10977.75,15
SHP00203,SKU000145,Vendor_007,124,266.104,4.1292,4103.16,5
SHP00203,SKU000113,Vendor_007,435,1370.25,39.498,13398.0,40
SHP00203,SKU000058,Vendor_007,262,177.898,27.0646,17312.96,28
SHP00203,SKU000218,Vendor_007,269,263.62,3.9812,20524.7,4
SHP00203,SKU000181,Vendor_007,291,587.238,18.4785,12786.54,19
SHP00203,SKU000115,Vendor_007,435,1228.005,33.2775,10161.6,34
SHP00204,SKU000041,Vendor_003,327,2369.769,8.4039,8112.87,9
SHP00204,SKU000179,Vendor_003,490,2599.94,22.54,6164.2,23
SHP00204,SKU000157,Vendor_003,367,501.322,27.1213,7571.21,28
SHP00204,SKU000168,Vendor_003,168,532.392,17.1864,2007.6,18
SHP00205,SKU000208,Vendor_034,405,2437.29,26.4465,30241.35,27
SHP00205,SKU000195,Vendor_034,325,1910.35,23.725,18833.75,24
SHP00206,SKU000202,Vendor_020,127,891.54,7.2009,6454.14,8
SHP00207,SKU000067,Vendor_007,186,708.66,2.883,8245.38,3
SHP00208,SKU000067,Vendor_010,356,1356.36,5.518,15781.48,6
SHP00209,SKU000135,Vendor_027,312,2329.392,11.9808,22763.52,12
SHP00209,SKU000012,Vendor_027,199,791.025,10.2883,5245.64,11
SHP00209,SKU000201,Vendor_027,331,1862.206,28.2012,25447.28,29
SHP00209,SKU000230,Vendor_027,12,42.924,0.1512,217.56,1
SHP00209,SKU000155,Vendor_027,62,270.692,6.3984,3277.94,7
SHP00209,SKU000029,Vendor_027,392,2902.76,39.6704,11712.96,40
SHP00210,SKU000057,Vendor_012,406,2443.308,28.1358,24615.78,29
SHP00210,SKU000243,Vendor_012,51,121.941,5.9466,1210.74,6
SHP00210,SKU000033,Vendor_012,405,506.655,19.6425,8419.95,20
SHP00211,SKU000235,Vendor_020,250,1457.5,0.7,17642.5,1
SHP00211,SKU000052,Vendor_020,300,745.8,24.06,3207.0,25
SHP00211,SKU000248,Vendor_020,281,1396.289,17.0567,13650.98,18
SHP00211,SKU000131,Vendor_020,317,236.165,13.4091,23984.22,14
SHP00211,SKU000165,Vendor_020,397,2868.325,10.8778,797.97,11
SHP00211,SKU000097,Vendor_020,139,791.744,15.9989,4938.67,16
SHP00212,SKU000022,Vendor_034,144,779.616,14.5728,1222.56,15
SHP00212,SKU000199,Vendor_034,237,1002.273,12.8217,12736.38,13
SHP00212,SKU000185,Vendor_034,70,287.49,6.377,741.3,7
SHP00213,SKU000069,Vendor_026,244,1504.748,16.9092,2442.44,17
SHP00213,SKU000168,Vendor_026,328,1039.432,33.5544,3919.6,34
SHP00213,SKU000027,Vendor_026,165,209.055,13.827,4431.9,14
SHP00213,SKU000097,Vendor_026,20,113.92,2.302,710.6,3
SHP00213,SKU000160,Vendor_026,253,90.574,23.1495,5047.35,24
SHP00214,SKU000249,Vendor_001,412,2497.132,26.7388,29672.24,27
SHP00214,SKU000071,Vendor_001,156,990.444,9.7812,5494.32,10
SHP00215,SKU000019,Vendor_011,449,1245.975,16.7028,15503.97,17
SHP00216,SKU000169,Vendor_031,416,2976.896,25.0016,14659.84,26
SHP00216,SKU000246,Vendor_031,90,638.91,8.091,1651.5,9
SHP00216,SKU000089,Vendor_031,288,871.488,7.632,2943.36,8
SHP00216,SKU000195,Vendor_031,331,1945.618,24.163,19181.45,25
SHP00216,SKU000094,Vendor_031,389,100.362,41.4674,1268.14,42
SHP00216,SKU000015,Vendor_031,176,452.672,8.8704,12244.32,9
SHP00217,SKU000040,Vendor_009,373,1565.108,0.4849,29500.57,1
SHP00218,SKU000208,Vendor_024,38,228.684,2.4814,2837.46,3
SHP00219,SKU000172,Vendor_028,379,933.098,15.6906,18351.18,16
SHP00219,SKU000162,Vendor_028,432,2350.512,3.1104,10782.72,4
SHP00219,SKU000168,Vendor_028,435,1378.515,44.5005,5198.25,45
SHP00220,SKU000013,Vendor_036,104,357.656,11.1592,7866.56,12
SHP00220,SKU000037,Vendor_036,85,581.655,3.978,2270.35,4
SHP00221,SKU000228,Vendor_040,288,188.928,16.7904,11062.08,17
SHP00221,SKU000144,Vendor_040,409,1339.475,12.9244,3456.05,13
SHP00221,SKU000128,Vendor_040,28,213.696,2.2204,1743.84,3
SHP00221,SKU000191,Vendor_040,210,748.23,8.169,5079.9,9
SHP00222,SKU000196,Vendor_012,322,1848.28,1.8998,13607.72,2
SHP00222,SKU000132,Vendor_012,403,1593.865,13.3796,12134.33,14
SHP00222,SKU000025,Vendor_012,52,261.924,4.5292,169.52,5
SHP00222,SKU000103,Vendor_012,340,999.6,22.202,15745.4,23
SHP00222,SKU000040,Vendor_012,470,1972.12,0.611,37172.3,1
SHP00222,SKU000239,Vendor_012,340,2446.3,25.466,1836.0,26
SHP00223,SKU000080,Vendor_003,243,1906.578,15.8436,12356.55,16
SHP00223,SKU000117,Vendor_003,73,515.672,7.2197,4186.55,8
SHP00223,SKU000173,Vendor_003,66,234.894,7.392,2178.66,8
SHP00223,SKU000079,Vendor_003,38,272.27,0.2318,970.9,1
SHP00224,SKU000239,Vendor_032,299,2151.305,22.3951,1614.6,23
SHP00224,SKU000172,Vendor_032,115,283.13,4.761,5568.3,5
SHP00224,SKU000074,Vendor_032,179,274.944,9.0753,14166.06,10
SHP00224,SKU000021,Vendor_032,425,2282.675,30.0475,21564.5,31
SHP00224,SKU000006,Vendor_032,370,2189.29,8.399,5805.3,9
SHP00224,SKU000155,Vendor_032,368,1606.688,37.9776,19456.16,38
SHP00225,SKU000152,Vendor_001,73,387.703,8.2636,1541.76,9
SHP00225,SKU000140,Vendor_001,47,64.014,2.0727,3258.98,3
SHP00225,SKU000171,Vendor_001,426,2744.292,43.9206,31502.7,44
SHP00225,SKU000079,Vendor_001,182,1304.03,1.1102,4650.1,2
SHP00225,SKU000012,Vendor_001,211,838.725,10.9087,5561.96,11
SHP00225,SKU000134,Vendor_001,210,1422.54,11.613,5002.2,12
SHP00226,SKU000192,Vendor_033,392,3029.768,20.58,27812.4,21
SHP00226,SKU000187,Vendor_033,86,268.062,2.6316,4515.0,3
SHP00226,SKU000177,Vendor_033,196,1224.02,12.3872,911.4,13
SHP00226,SKU000085,Vendor_033,41,235.299,2.0459,692.9,3
SHP00227,SKU000108,Vendor_004,114,441.522,12.6996,1991.58,13
SHP00227,SKU000197,Vendor_004,138,876.576,4.1262,5282.64,5
SHP00227,SKU000221,Vendor_004,360,485.64,42.516,7117.2,43
SHP00228,SKU000196,Vendor_038,352,2020.48,2.0768,14875.52,3
SHP00228,SKU000148,Vendor_038,468,1407.276,48.8124,11175.84,49
SHP00229,SKU000168,Vendor_030,130,411.97,13.299,1553.5,14
SHP00229,SKU000239,Vendor_030,322,2316.79,24.1178,1738.8,25
SHP00229,SKU000153,Vendor_030,275,42.625,1.0725,15765.75,2
SHP00229,SKU000185,Vendor_030,359,1474.413,32.7049,3801.81,33
SHP00230,SKU000220,Vendor_026,221,1162.902,20.332,14409.2,21
SHP00230,SKU000015,Vendor_026,400,1028.8,20.16,27828.0,21
SHP00230,SKU000173,Vendor_026,208,740.272,23.296,6866.08,24
SHP00230,SKU000222,Vendor_026,115,544.64,8.1535,8906.75,9
SHP00231,SKU000213,Vendor_001,494,1345.162,59.033,26369.72,60
SHP00231,SKU000146,Vendor_001,118,179.36,13.511,1182.36,14
SHP00231,SKU000062,Vendor_001,461,2997.883,26.1387,29974.22,27
SHP00231,SKU000185,Vendor_001,359,1474.413,32.7049,3801.81,33
SHP00232,SKU000112,Vendor_020,54,351.27,2.2086,1580.58,3
SHP00232,SKU000157,Vendor_020,444,606.504,32.8116,9159.72,33
SHP00233,SKU000065,Vendor_010,456,1396.728,36.708,1956.24,37
SHP00233,SKU000088,Vendor_010,366,214.476,43.6272,7481.04,44
SHP00233,SKU000151,Vendor_010,336,266.448,33.8352,11424.0,34
SHP00233,SKU000143,Vendor_010,208,1642.992,10.3168,11057.28,11
SHP00234,SKU000229,Vendor_003,306,658.206,34.6698,22212.54,35
SHP00234,SKU000056,Vendor_003,183,1194.624,7.5213,13606.05,8
SHP00234,SKU000168,Vendor_003,498,1578.162,50.9454,5951.1,51
SHP00235,SKU000006,Vendor_003,320,1893.44,7.264,5020.8,8
SHP00235,SKU000101,Vendor_003,414,74.52,35.9352,1076.4,36
SHP00235,SKU000248,Vendor_003,278,1381.382,16.8746,13505.24,17
SHP00235,SKU000028,Vendor_003,416,2309.216,27.872,13453.44,28
SHP00236,SKU000174,Vendor_001,116,446.368,8.6304,3894.12,9
SHP00236,SKU000109,Vendor_001,223,103.472,11.0162,6924.15,12
SHP00237,SKU000178,Vendor_005,273,2146.326,20.2839,1801.8,21
SHP00237,SKU000128,Vendor_005,488,3724.416,38.6984,30392.64,39
SHP00238,SKU000156,Vendor_020,468,890.136,43.6176,5850.0,44
SHP00238,SKU000199,Vendor_020,169,714.701,9.1429,9082.06,10
SHP00239,SKU000183,Vendor_008,286,1442.012,1.6016,12764.18,2
SHP00239,SKU000148,Vendor_008,480,1443.36,50.064,11462.4,51
SHP00240,SKU000052,Vendor_008,324,805.464,25.9848,3463.56,26
SHP00240,SKU000226,Vendor_008,372,1107.072,35.9724,11837.04,36
SHP00240,SKU000004,Vendor_008,196,620.732,8.1928,11538.52,9
SHP00240,SKU000200,Vendor_008,141,622.938,0.6063,633.09,1
SHP00240,SKU000082,Vendor_008,198,600.534,2.475,7529.94,3
SHP00241,SKU000187,Vendor_008,73,227.541,2.2338,3832.5,3
SHP00241,SKU000018,Vendor_008,311,2058.509,22.6408,13845.72,23
SHP00241,SKU000042,Vendor_008,300,1255.2,32.49,23616.0,33
SHP00241,SKU000113,Vendor_008,414,1304.1,37.5912,12751.2,38
SHP00241,SKU000092,Vendor_008,76,224.732,4.902,1112.64,5
SHP00241,SKU000139,Vendor_008,164,489.212,12.1032,2965.12,13
SHP00242,SKU000236,Vendor_001,446,248.868,39.3818,35492.68,40
SHP00242,SKU000095,Vendor_001,58,61.422,5.423,323.64,6
SHP00243,SKU000198,Vendor_002,191,670.028,9.3399,2196.5,10
SHP00243,SKU000110,Vendor_002,76,521.664,0.3192,5606.52,1
SHP00243,SKU000191,Vendor_002,10,35.63,0.389,241.9,1
SHP00243,SKU000231,Vendor_002,301,664.608,17.6386,8545.39,18
SHP00243,SKU000040,Vendor_002,411,1724.556,0.5343,32505.99,1
SHP00244,SKU000250,Vendor_040,494,3744.026,54.2906,30059.9,55
SHP00244,SKU000191,Vendor_040,337,1200.731,13.1093,8152.03,14
SHP00245,SKU000218,Vendor_010,333,326.34,4.9284,25407.9,5
SHP00245,SKU000090,Vendor_010,485,920.53,17.848,24972.65,18
SHP00245,SKU000107,Vendor_010,417,1863.99,25.2702,950.76,26
SHP00245,SKU000049,Vendor_010,305,1124.23,27.6635,18260.35,28
SHP00245,SKU000189,Vendor_010,466,3267.592,29.358,2204.18,30
SHP00246,SKU000240,Vendor_015,344,1887.872,8.3592,1420.72,9
SHP00247,SKU000029,Vendor_001,470,3480.35,47.564,14043.6,48
SHP00247,SKU000118,Vendor_001,486,3731.022,24.9318,10259.46,25
SHP00247,SKU000057,Vendor_001,86,517.548,5.9598,5214.18,6
SHP00247,SKU000160,Vendor_001,375,134.25,34.3125,7481.25,35
SHP00247,SKU000062,Vendor_001,96,624.288,5.4432,6241.92,6
SHP00248,SKU000086,Vendor_012,94,727.748,7.3696,6533.94,8
SHP00248,SKU000050,Vendor_012,199,86.764,16.9747,13424.54,17
SHP00249,SKU000200,Vendor_005,428,1890.904,1.8404,1921.72,2
SHP00249,SKU000017,Vendor_005,307,1283.26,22.6873,3502.87,23
SHP00250,SKU000105,Vendor_018,102,246.942,5.1816,3808.68,6
SHP00250,SKU000070,Vendor_018,42,235.788,3.3474,244.86,4
SHP00250,SKU000015,Vendor_018,410,1054.52,20.664,28523.7,21
SHP00250,SKU000130,Vendor_018,18,116.658,1.4634,44.46,2
SHP00250,SKU000141,Vendor_018,387,1586.7,14.0481,29458.44,15
SHP00251,SKU000052,Vendor_031,223,554.378,17.8846,2383.87,18
SHP00251,SKU000149,Vendor_031,48,10.272,5.2944,3332.64,6
SHP00251,SKU000190,Vendor_031,407,485.144,38.9499,16430.59,39
SHP00252,SKU000093,Vendor_026,36,172.8,1.2924,1846.8,2
SHP00252,SKU000246,Vendor_026,457,3244.243,41.0843,8385.95,42
SHP00252,SKU000190,Vendor_026,359,427.928,34.3563,14492.83,35
SHP00252,SKU000211,Vendor_026,399,1500.639,12.8877,11850.3,13
SHP00252,SKU000027,Vendor_026,384,486.528,32.1792,10314.24,33
SHP00252,SKU000047,Vendor_026,254,922.782,16.8148,2357.12,17
SHP00253,SKU000148,Vendor_039,341,1025.387,35.5663,8143.08,36
SHP00254,SKU000015,Vendor_019,317,815.324,15.9768,22053.69,16
SHP00254,SKU000136,Vendor_019,282,111.39,23.9982,11206.68,24
SHP00255,SKU000186,Vendor_037,422,2762.412,8.8198,18424.52,9
SHP00255,SKU000159,Vendor_037,404,3228.364,2.3432,21157.48,3
SHP00255,SKU000051,Vendor_037,153,209.457,14.3667,3725.55,15
SHP00255,SKU000109,Vendor_037,216,100.224,10.6704,6706.8,11
SHP00255,SKU000032,Vendor_037,303,1851.936,21.6948,16952.85,22
SHP00256,SKU000155,Vendor_011,320,1397.12,33.024,16918.4,34
SHP00256,SKU000057,Vendor_011,441,2653.938,30.5613,26737.83,31
SHP00256,SKU000008,Vendor_011,348,2367.444,30.3456,17281.68,31
SHP00256,SKU000105,Vendor_011,429,1038.609,21.7932,16018.86,22
SHP00257,SKU000026,Vendor_030,144,687.744,9.6912,2073.6,10
SHP00257,SKU000145,Vendor_030,292,626.632,9.7236,9662.28,10
SHP00257,SKU000189,Vendor_030,115,806.38,7.245,543.95,8
SHP00257,SKU000219,Vendor_030,260,1684.54,5.356,4719.0,6
SHP00257,SKU000080,Vendor_030,161,1263.206,10.4972,8186.85,11
SHP00258,SKU000016,Vendor_036,378,771.498,22.113,29812.86,23
SHP00259,SKU000116,Vendor_007,375,633.375,15.375,10316.25,16
SHP00259,SKU000030,Vendor_007,463,183.811,17.2699,15306.78,18
SHP00259,SKU000061,Vendor_007,112,506.24,1.736,1983.52,2
SHP00260,SKU000079,Vendor_003,214,1533.31,1.3054,5467.7,2
SHP00260,SKU000173,Vendor_003,23,81.857,2.576,759.23,3
SHP00260,SKU000148,Vendor_003,117,351.819,12.2031,2793.96,13
SHP00260,SKU000101,Vendor_003,258,46.44,22.3944,670.8,23
SHP00261,SKU000161,Vendor_040,234,178.776,18.2988,13838.76,19
SHP00261,SKU000178,Vendor_040,446,3506.452,33.1378,2943.6,34
SHP00261,SKU000228,Vendor_040,243,159.408,14.1669,9333.63,15
SHP00261,SKU000218,Vendor_040,340,333.2,5.032,25942.0,6
SHP00261,SKU000093,Vendor_040,473,2270.4,16.9807,24264.9,17
SHP00261,SKU000058,Vendor_040,76,51.604,7.8508,5022.08,8
SHP00262,SKU000158,Vendor_019,291,1645.023,12.3966,6879.24,13
SHP00262,SKU000232,Vendor_019,258,1600.632,14.8608,18031.62,15
SHP00262,SKU000145,Vendor_019,495,1062.27,16.4835,16379.55,17
SHP00263,SKU000095,Vendor_004,212,224.508,19.822,1182.96,20
SHP00263,SKU000205,Vendor_004,166,635.78,19.2726,742.02,20
SHP00264,SKU000067,Vendor_015,174,662.94,2.697,7713.42,3
SHP00264,SKU000138,Vendor_015,109,293.755,12.3933,5469.62,13
SHP00264,SKU000231,Vendor_015,473,1044.384,27.7178,13428.47,28
SHP00265,SKU000221,Vendor_029,220,296.78,25.982,4349.4,26
SHP00265,SKU000008,Vendor_029,351,2387.853,30.6072,17430.66,31
SHP00265,SKU000118,Vendor_029,266,2042.082,13.6458,5615.26,14
SHP00265,SKU000028,Vendor_029,256,1421.056,17.152,8279.04,18
SHP00265,SKU000111,Vendor_029,481,2627.703,52.2366,23756.59,53
SHP00266,SKU000103,Vendor_037,53,155.82,3.4609,2454.43,4
SHP00266,SKU000240,Vendor_037,234,1284.192,5.6862,966.42,6
SHP00266,SKU000217,Vendor_037,376,1375.784,16.732,8794.64,17
SHP00266,SKU000220,Vendor_037,287,1510.194,26.404,18712.4,27
SHP00267,SKU000013,Vendor_003,453,1557.867,48.6069,34264.92,49
SHP00267,SKU000059,Vendor_003,217,1580.411,3.5371,1818.46,4
SHP00267,SKU000199,Vendor_003,396,1674.684,21.4236,21281.04,22
SHP00267,SKU000144,Vendor_003,319,1044.725,10.0804,2695.55,11
SHP00267,SKU000104,Vendor_003,103,189.726,7.1173,5515.65,8
SHP00268,SKU000111,Vendor_004,427,2332.701,46.3722,21089.53,47
SHP00268,SKU000156,Vendor_004,286,543.972,26.6552,3575.0,27
SHP00268,SKU000022,Vendor_004,337,1824.518,34.1044,2861.13,35
SHP00268,SKU000110,Vendor_004,382,2622.048,1.6044,28180.14,2
SHP00268,SKU000069,Vendor_004,337,2078.279,23.3541,3373.37,24
SHP00269,SKU000137,Vendor_040,420,1504.44,2.226,2171.4,3
SHP00269,SKU000076,Vendor_040,363,281.688,20.4006,14944.71,21
SHP00269,SKU000049,Vendor_040,239,880.954,21.6773,14308.93,22
SHP00269,SKU000117,Vendor_040,443,3129.352,43.8127,25406.05,44
SHP00269,SKU000074,Vendor_040,140,215.04,7.098,11079.6,8
SHP00269,SKU000177,Vendor_040,460,2872.7,29.072,2139.0,30
SHP00270,SKU000027,Vendor_020,256,324.352,21.4528,6876.16,22
SHP00270,SKU000075,Vendor_020,388,749.228,42.7188,28572.32,43
SHP00270,SKU000152,Vendor_020,249,1322.439,28.1868,5258.88,29
SHP00270,SKU000245,Vendor_020,77,153.615,3.1801,3538.92,4
SHP00271,SKU000178,Vendor_010,55,432.41,4.0865,363.0,5
SHP00271,SKU000008,Vendor_010,167,1136.101,14.5624,8293.22,15
SHP00271,SKU000194,Vendor_010,143,1094.379,12.0263,9269.26,13
SHP00271,SKU000139,Vendor_010,324,966.492,23.9112,5857.92,24
SHP00271,SKU000219,Vendor_010,485,3142.315,9.991,8802.75,10
SHP00271,SKU000106,Vendor_010,112,835.744,7.9408,8507.52,8
SHP00272,SKU000141,Vendor_026,253,1037.3,9.1839,19258.36,10
SHP00273,SKU000070,Vendor_005,323,1813.322,25.7431,1883.09,26
SHP00273,SKU000142,Vendor_005,62,405.294,2.4428,4824.84,3
SHP00273,SKU000218,Vendor_005,249,244.02,3.6852,18998.7,4
SHP00273,SKU000190,Vendor_005,478,569.776,45.7446,19296.86,46
SHP00273,SKU000112,Vendor_005,323,2101.115,13.2107,9454.21,14
SHP00273,SKU000195,Vendor_005,461,2709.758,33.653,26714.95,34
SHP00274,SKU000181,Vendor_036,143,288.574,9.0805,6283.42,10
SHP00274,SKU000105,Vendor_036,252,610.092,12.8016,9409.68,13
SHP00274,SKU000016,Vendor_036,447,912.327,26.1495,35254.89,27
SHP00274,SKU000167,Vendor_036,447,1498.791,40.0512,8314.2,41
SHP00274,SKU000089,Vendor_036,483,1461.558,12.7995,4936.26,13
SHP00274,SKU000088,Vendor_036,349,204.514,41.6008,7133.56,42
SHP00275,SKU000071,Vendor_024,206,1307.894,12.9162,7255.32,13
SHP00275,SKU000163,Vendor_024,366,1330.776,12.8832,23870.52,13
SHP00275,SKU000013,Vendor_024,213,732.507,22.8549,16111.32,23
SHP00275,SKU000078,Vendor_024,168,135.912,4.9392,10921.68,5
SHP00275,SKU000014,Vendor_024,85,343.4,6.4005,936.7,7
SHP00275,SKU000174,Vendor_024,313,1204.424,23.2872,10507.41,24
SHP00276,SKU000101,Vendor_003,445,80.1,38.626,1157.0,39
SHP00276,SKU000128,Vendor_003,350,2671.2,27.755,21798.0,28
SHP00276,SKU000094,Vendor_003,90,23.22,9.594,293.4,10
SHP00276,SKU000013,Vendor_003,425,1461.575,45.6025,32147.0,46
SHP00276,SKU000232,Vendor_003,301,1867.404,17.3376,21036.89,18
SHP00277,SKU000005,Vendor_002,329,1163.673,2.6649,10873.45,3
SHP00277,SKU000191,Vendor_002,417,1485.771,16.2213,10087.23,17
SHP00278,SKU000062,Vendor_025,144,936.432,8.1648,9362.88,9
SHP00279,SKU000141,Vendor_021,152,623.2,5.5176,11570.24,6
SHP00280,SKU000202,Vendor_030,457,3208.14,25.9119,23224.74,26
SHP00280,SKU000093,Vendor_030,116,556.8,4.1644,5950.8,5
SHP00281,SKU000072,Vendor_004,247,1560.052,12.35,9761.44,13
SHP00281,SKU000126,Vendor_004,382,627.626,37.6652,14615.32,38
SHP00281,SKU000042,Vendor_004,247,1033.448,26.7501,19443.84,27
SHP00282,SKU000220,Vendor_004,458,2409.996,42.136,29861.6,43
SHP00282,SKU000240,Vendor_004,283,1553.104,6.8769,1168.79,7
SHP00282,SKU000211,Vendor_004,61,229.421,1.9703,1811.7,2
SHP00282,SKU000019,Vendor_004,11,30.525,0.4092,379.83,1
SHP00282,SKU000138,Vendor_004,342,921.69,38.8854,17161.56,39
SHP00282,SKU000134,Vendor_004,220,1490.28,12.166,5240.4,13
SHP00283,SKU000224,Vendor_008,165,1011.285,2.244,356.4,3
SHP00283,SKU000060,Vendor_008,347,399.05,16.8295,12179.7,17
SHP00283,SKU000174,Vendor_008,143,550.264,10.6392,4800.51,11
SHP00284,SKU000059,Vendor_024,138,1005.054,2.2494,1156.44,3
SHP00284,SKU000092,Vendor_024,173,511.561,11.1585,2532.72,12
SHP00284,SKU000037,Vendor_024,216,1478.088,10.1088,5769.36,11
SHP00285,SKU000044,Vendor_008,220,700.7,19.36,3203.2,20
SHP00285,SKU000208,Vendor_008,63,379.134,4.1139,4704.21,5
SHP00285,SKU000163,Vendor_008,487,1770.732,17.1424,31762.14,18
SHP00285,SKU000062,Vendor_008,209,1359.127,11.8503,13589.18,12
SHP00285,SKU000017,Vendor_008,256,1070.08,18.9184,2920.96,19
SHP00286,SKU000217,Vendor_011,363,1328.217,16.1535,8490.57,17
SHP00286,SKU000248,Vendor_011,310,1540.39,18.817,15059.8,19
SHP00286,SKU000156,Vendor_011,310,589.62,28.892,3875.0,29
SHP00287,SKU000031,Vendor_004,99,559.746,11.8206,2946.24,12
SHP00287,SKU000025,Vendor_004,334,1682.358,29.0914,1088.84,30
SHP00287,SKU000163,Vendor_004,451,1639.836,15.8752,29414.22,16
SHP00287,SKU000084,Vendor_004,78,499.278,2.0124,2853.24,3
SHP00288,SKU000147,Vendor_001,418,2098.36,22.4048,14642.54,23
SHP00288,SKU000176,Vendor_001,287,750.505,5.3382,6936.79,6
SHP00288,SKU000090,Vendor_001,332,630.136,12.2176,17094.68,13
SHP00288,SKU000117,Vendor_001,295,2083.88,29.1755,16918.25,30
SHP00288,SKU000071,Vendor_001,374,2374.526,23.4498,13172.28,24
SHP00288,SKU000208,Vendor_001,406,2443.308,26.5118,30316.02,27
SHP00289,SKU000186,Vendor_037,394,2579.124,8.2346,17202.04,9
SHP00289,SKU000217,Vendor_037,41,150.019,1.8245,958.99,2
SHP00289,SKU000232,Vendor_037,166,1029.864,9.5616,11601.74,10
SHP00290,SKU000088,Vendor_033,85,49.81,10.132,1737.4,11
SHP00291,SKU000055,Vendor_026,89,404.683,0.9879,4223.05,1
SHP00291,SKU000138,Vendor_026,37,99.715,4.2069,1856.66,5
SHP00292,SKU000144,Vendor_003,295,966.125,9.322,2492.75,10
SHP00292,SKU000041,Vendor_003,462,3348.114,11.8734,11462.22,12
SHP00293,SKU000214,Vendor_039,242,389.136,3.0734,18287.94,4
SHP00294,SKU000004,Vendor_005,405,1282.635,16.929,23842.35,17
SHP00294,SKU000131,Vendor_005,459,341.955,19.4157,34727.94,20
SHP00294,SKU000118,Vendor_005,64,491.328,3.2832,1351.04,4
SHP00294,SKU000014,Vendor_005,453,1830.12,34.1109,4992.06,35
SHP00294,SKU000181,Vendor_005,186,375.348,11.811,8172.84,12
SHP00294,SKU000102,Vendor_005,321,232.404,8.9238,22553.46,9
SHP00295,SKU000044,Vendor_038,218,694.33,19.184,3174.08,20
SHP00296,SKU000102,Vendor_027,186,134.664,5.1708,13068.36,6
SHP00297,SKU000072,Vendor_030,284,1793.744,14.2,11223.68,15
SHP00297,SKU000050,Vendor_030,314,136.904,26.7842,21182.44,27
SHP00298,SKU000106,Vendor_005,410,3059.42,29.069,31143.6,30
SHP00298,SKU000221,Vendor_005,253,341.297,29.8793,5001.81,30
SHP00298,SKU000173,Vendor_005,185,658.415,20.72,6106.85,21
SHP00298,SKU000052,Vendor_005,415,1031.69,33.283,4436.35,34
SHP00298,SKU000126,Vendor_005,354,581.622,34.9044,13544.04,35
SHP00298,SKU000132,Vendor_005,356,1407.98,11.8192,10719.16,12
SHP00299,SKU000178,Vendor_006,500,3931.0,37.15,3300.0,38
SHP00299,SKU000144,Vendor_006,148,484.7,4.6768,1250.6,5
SHP00299,SKU000051,Vendor_006,349,477.781,32.7711,8498.15,33
SHP00299,SKU000250,Vendor_006,41,310.739,4.5059,2494.85,5
SHP00299,SKU000152,Vendor_006,381,2023.491,43.1292,8046.72,44
SHP00299,SKU000081,Vendor_006,76,7.144,4.4612,6010.84,5
SHP00300,SKU000134,Vendor_004,107,724.818,5.9171,2548.74,6
